Rank,Name,Ticker,Sector,Industry,Revenue,Profit
1,Walmart,WMT,Consumer Defensive,Discount Stores,514405,6670
2,Exxon Mobil,XOM,Energy,Oil & Gas Integrated,290212,20840
3,Apple,AAPL,Technology,Consumer Electronics,265595,59531
4,Berkshire Hathaway,BRKA,Financial Services,,247837,4021
5,Amazon.com,AMZN,Consumer Cyclical,Internet Retail,232887,10073
6,UnitedHealth Group,UNH,Healthcare,Healthcare Plans,226247,11986
7,McKesson,MCK,Healthcare,Medical Distribution,208357,67
8,CVS Health,CVS,Healthcare,Healthcare Plans,194579,-594
9,AT&T,T,Communication Services,Telecom Services,170756,19370
10,AmerisourceBergen,ABC,Healthcare,,167939.6,1658.4
11,Chevron,CVX,Energy,Oil & Gas Integrated,166339,14824
12,Ford Motor,F,Consumer Cyclical,Auto Manufacturers,160338,3677
13,General Motors,GM,Consumer Cyclical,Auto Manufacturers,147049,8014
14,Costco Wholesale,COST,Consumer Defensive,Discount Stores,141576,3134
15,Alphabet,GOOGL,Communication Services,Internet Content & Information,136819,30736
16,Cardinal Health,CAH,Healthcare,Medical Distribution,136809,256
17,Walgreens Boots Alliance,WBA,Healthcare,Pharmaceutical Retailers,131537,5024
18,JPMorgan Chase,JPM,Financial Services,Banks - Diversified,131412,32474
19,Verizon Communications,VZ,Communication Services,Telecom Services,130863,15528
20,Kroger,KR,Consumer Defensive,Grocery Stores,121162,3110
21,General Electric,GE,Industrials,Specialty Industrial Machinery,120268,-22355
22,Fannie Mae,FNMA,Financial Services,Mortgage Finance,120101,15959
23,Phillips 66,PSX,Energy,Oil & Gas Refining & Marketing,114217,5595
24,Valero Energy,VLO,Energy,Oil & Gas Refining & Marketing,111407,3122
25,Bank of America,BAC,Financial Services,Banks - Diversified,110584,28147
26,Microsoft,MSFT,Technology,Software - Infrastructure,110360,16571
27,Home Depot,HD,Consumer Cyclical,Home Improvement Retail,108203,11121
28,Boeing,BA,Industrials,Aerospace & Defense,101127,10460
29,Wells Fargo,WFC,Financial Services,Banks - Diversified,101060,22393
30,Citigroup,C,Financial Services,Banks - Diversified,97120,18045
31,Marathon Petroleum,MPC,Energy,Oil & Gas Refining & Marketing,97102,2780
32,Comcast,CMCSA,Communication Services,Telecom Services,94507,11731
33,Anthem,ANTM,Healthcare,,92105,3750
34,Dell Technologies,DELL,Technology,Computer Hardware,90621,-2310
35,DuPont de Nemours,DD,Basic Materials,Specialty Chemicals,85977,3844
36,State Farm Insurance,,Financial Services,,81732.2,8788.4
37,Johnson & Johnson,JNJ,Healthcare,Drug Manufacturers - General,81581,15297
38,IBM,IBM,Technology,Information Technology Services,79591,8728
39,Target,TGT,Consumer Defensive,Discount Stores,75356,2937
40,Freddie Mac,FMCC,Financial Services,Mortgage Finance,73598,9235
41,United Parcel Service,UPS,Industrials,Integrated Freight & Logistics,71861,4791
42,Lowe's,LOW,Consumer Cyclical,Home Improvement Retail,71309,2314
43,Intel,INTC,Technology,Semiconductors,70848,21053
44,MetLife,MET,Financial Services,Insurance - Life,67941,5123
45,Procter & Gamble,PG,Consumer Defensive,Household & Personal Products,66832,9750
46,United Technologies,UTX,Industrials,,66501,5269
47,FedEx,FDX,Industrials,Integrated Freight & Logistics,65450,4572
48,PepsiCo,PEP,Consumer Defensive,Beverages - Non-Alcoholic,64661,12515
49,Archer Daniels Midland,ADM,Consumer Defensive,Farm Products,64341,1810
50,Prudential Financial,PRU,Financial Services,Insurance - Life,62992,4074
51,Centene,CNC,Healthcare,Healthcare Plans,60116,900
52,Albertsons,,Consumer Defensive,,59924.6,46.3
53,Walt Disney,DIS,Communication Services,Entertainment,59434,12598
54,Sysco,SYY,Consumer Defensive,Food Distribution,58727.3,1430.8
55,HP,HPQ,Technology,Computer Hardware,58472,5327
56,Humana,HUM,Healthcare,Healthcare Plans,56912,1683
57,Facebook,FB,Communication Services,,55838,22112
58,Caterpillar,CAT,Industrials,Farm & Heavy Construction Machinery,54722,6147
59,Energy Transfer,ET,Energy,Oil & Gas Midstream,54436,1694
60,Lockheed Martin,LMT,Industrials,Aerospace & Defense,53762,5046
61,Pfizer,PFE,Healthcare,Drug Manufacturers - General,53647,11153
62,Goldman Sachs Group,GS,Financial Services,Capital Markets,52528,10459
63,Morgan Stanley,MS,Financial Services,Capital Markets,50193,8748
64,Cisco Systems,CSCO,Technology,Communication Equipment,49330,110
65,Cigna,CI,Healthcare,Healthcare Plans,48650,2637
66,AIG,AIG,Financial Services,Insurance - Diversified,47389,-6
67,HCA Healthcare,HCA,Healthcare,Medical Care Facilities,46677,3787
68,American Airlines Group,AAL,Industrials,Airlines,44541,1412
69,Delta Air Lines,DAL,Industrials,Airlines,44438,3935
70,Charter Communications,CHTR,Communication Services,Telecom Services,43634,1230
71,New York Life Insurance,,Financial Services,,43425.3,880
72,American Express,AXP,Financial Services,Credit Services,43281,6921
73,Nationwide,,Financial Services,,43270,512.6
74,Best Buy,BBY,Consumer Cyclical,Specialty Retail,42879,1464
75,Liberty Mutual Insurance Group,,Financial Services,,42685,2160
76,Merck,MRK,Healthcare,Drug Manufacturers - General,42294,6220
77,Honeywell International,HON,Industrials,Conglomerates,41802,6765
78,United Continental Holdings,UAL,Industrials,Airlines,41303,2129
79,TIAA,,Financial Services,,41052.1,1560.5
80,Tyson Foods,TSN,Consumer Defensive,Farm Products,40052,3024
81,Oracle,ORCL,Technology,Software - Infrastructure,39831,3825
82,Allstate,ALL,Financial Services,Insurance - Property & Casualty,39815,2252
83,World Fuel Services,INT,Energy,,39750.3,127.7
84,Massachusetts Mutual Life Insurance,,Financial Services,,39267.2,397.9
85,TJX,TJX,Consumer Cyclical,Apparel Retail,38972.9,3059.8
86,ConocoPhillips,COP,Energy,Oil & Gas E&P,38727,6257
87,Deere,DE,Industrials,Farm & Heavy Construction Machinery,37357.7,2368.4
88,Tech Data,TECD,Technology,,37239,340.6
89,Enterprise Products Partners,EPD,Energy,Oil & Gas Midstream,36534.2,4172.4
90,Nike,NKE,Consumer Cyclical,Footwear & Accessories,36397,1933
91,Publix Super Markets,,Consumer Defensive,,36395.7,2381.2
92,General Dynamics,GD,Industrials,Aerospace & Defense,36193,3345
93,Exelon,EXC,Utilities,Utilities - Regulated Electric,35985,2010
94,Plains GP Holdings,PAGP,Energy,Oil & Gas Midstream,34055,334
95,3M,MMM,Industrials,Conglomerates,32765,5349
96,AbbVie,ABBV,Healthcare,Drug Manufacturers - General,32753,5687
97,CHS,,Basic Materials,,32683.3,775.9
98,Capital One Financial,COF,Financial Services,Credit Services,32377,6015
99,Progressive,PGR,Financial Services,Insurance - Property & Casualty,31979,2615.3
100,Coca-Cola,KO,Consumer Defensive,Beverages - Non-Alcoholic,31856,6434
101,USAA,UATXX,Financial Services,,31367.8,2291.9
102,Hewlett Packard Enterprise,HPE,Technology,Communication Equipment,30852,1908
103,Abbott Laboratories,ABT,Healthcare,Medical Devices,30578,2368
104,Twenty-First Century Fox,FOXA,Communication Services,Entertainment,30400,4464
105,Micron Technology,MU,Technology,Semiconductors,30391,14135
106,Travelers,TRV,Financial Services,Insurance - Property & Casualty,30282,2523
107,Rite Aid,RAD,Healthcare,,30215.4,943.5
108,Northrop Grumman,NOC,Industrials,Aerospace & Defense,30095,3229
109,Arrow Electronics,ARW,Technology,Electronics & Computer Distribution,29676.8,716.2
110,Philip Morris International,PM,Consumer Defensive,Tobacco,29625,7911
111,Northwestern Mutual,,Financial Services,,29124,783
112,INTL FCStone,SNEX,Financial Services,Capital Markets,27622.7,55.5
113,PBF Energy,PBF,Energy,Oil & Gas Refining & Marketing,27186.1,128.3
114,Raytheon,RTN,Industrials,,27058,2909
115,Kraft Heinz,KHC,Consumer Defensive,Packaged Foods,26259,-10229
116,Mondelez International,MDLZ,Consumer Defensive,Confectioners,25938,3381
117,U.S. Bancorp,USB,Financial Services,Banks - Regional,25775,7096
118,Macy's,M,Consumer Cyclical,Department Stores,25739,1108
119,Dollar General,DG,Consumer Defensive,Discount Stores,25625,1589.5
120,Nucor,NUE,Basic Materials,Steel,25067.3,2360.8
121,Starbucks,SBUX,Consumer Cyclical,Restaurants,24719.5,4518.3
122,DXC Technology,DXC,Technology,Information Technology Services,24556,1751
123,Eli Lilly,LLY,Healthcare,Drug Manufacturers - General,24555.7,3232
124,Thermo Fisher Scientific,TMO,Healthcare,Diagnostics & Research,24358,2938
125,US Foods Holding,USFD,Consumer Defensive,Food Distribution,24175,407
126,Duke Energy,DUK,Utilities,Utilities - Regulated Electric,24116,2666
127,Halliburton,HAL,Energy,Oil & Gas Equipment & Services,23995,1656
128,Cummins,CMI,Industrials,Specialty Industrial Machinery,23771,2141
129,Amgen,AMGN,Healthcare,Drug Manufacturers - General,23747,8394
130,Paccar,PCAR,Industrials,Farm & Heavy Construction Machinery,23495.7,2195.1
131,Southern,SO,Utilities,Utilities - Regulated Electric,23495,2226
132,CenturyLink,,Communication Services,,23443,-1733
133,International Paper,IP,Consumer Cyclical,Packaging & Containers,23306,2012
134,Union Pacific,UNP,Industrials,Railroads,22832,5966
135,Dollar Tree,DLTR,Consumer Defensive,Discount Stores,22823.3,-1590.8
136,Penske Automotive Group,PAG,Consumer Cyclical,Auto & Truck Dealerships,22785.1,471
137,Qualcomm,QCOM,Technology,Semiconductors,22732,-4864
138,Bristol-Myers Squibb,BMY,Healthcare,Drug Manufacturers - General,22561,4920
139,Gilead Sciences,GILD,Healthcare,Drug Manufacturers - General,22127,5455
140,Jabil,JBL,Technology,Electronic Components,22095.4,86.3
141,ManpowerGroup,MAN,Industrials,Staffing & Employment Services,21991.2,556.7
142,Southwest Airlines,LUV,Industrials,Airlines,21965,2465
143,Aflac,AFL,Financial Services,Insurance - Life,21758,2920
144,Tesla,TSLA,Consumer Cyclical,Auto Manufacturers,21461.3,-976.1
145,AutoNation,AN,Consumer Cyclical,Auto & Truck Dealerships,21412.8,396
146,CBRE Group,CBRE,Real Estate,Real Estate Services,21340.1,1063.2
147,Lear,LEA,Consumer Cyclical,Auto Parts,21148.5,1149.8
148,Whirlpool,WHR,Consumer Cyclical,"Furnishings, Fixtures & Appliances",21037,-183
149,McDonald's,MCD,Consumer Cyclical,Restaurants,21025.2,5924.3
150,Broadcom,AVGO,Technology,Semiconductors,20848,12259
151,Marriott International,MAR,Consumer Cyclical,Lodging,20758,1907
152,Western Digital,WDC,Technology,Computer Hardware,20647,675
153,Visa,V,Financial Services,Credit Services,20609,10301
154,Lennar,LEN,Consumer Cyclical,Residential Construction,20571.6,1695.8
155,WellCare Health Plans,,Healthcare,,20414.1,439.8
156,Kohl's,KSS,Consumer Cyclical,Department Stores,20229,801
157,AECOM,ACM,Industrials,Engineering & Construction,20155.5,136.5
158,Synnex,SNX,Technology,Electronics & Computer Distribution,20053.8,300.6
159,PNC Financial Services,PNC,Financial Services,Banks - Regional,19993,5301
160,Danaher,DHR,Healthcare,Diagnostics & Research,19893,2650.9
161,Hartford Financial Services,HIG,Financial Services,Insurance - Property & Casualty,19827,1807
162,Altria Group,MO,Consumer Defensive,Tobacco,19627,6963
163,Bank of New York Mellon,BK,Financial Services,Asset Management,19214,4266
164,Fluor,FLR,Industrials,Engineering & Construction,19166.6,224.8
165,Avnet,AVT,Technology,Electronics & Computer Distribution,19036.9,-156.4
166,Icahn Enterprises,IEP,Energy,Oil & Gas Refining & Marketing,18979,1507
167,Occidental Petroleum,OXY,Energy,Oil & Gas E&P,18934,4131
168,Molina Healthcare,MOH,Healthcare,Healthcare Plans,18890,707
169,Genuine Parts,GPC,Consumer Cyclical,Specialty Retail,18735.1,810.5
170,Freeport-McMoRan,FCX,Basic Materials,Copper,18628,2602
171,Kimberly-Clark,KMB,Consumer Defensive,Household & Personal Products,18486,1410
172,Tenet Healthcare,THC,Healthcare,Medical Care Facilities,18313,111
173,Synchrony Financial,SYF,Financial Services,Credit Services,18253,2790
174,CarMax,KMX,Consumer Cyclical,Auto & Truck Dealerships,17976.8,664.1
175,HollyFrontier,HFC,Energy,,17714.7,1098
176,Performance Food Group,PFGC,Consumer Defensive,Food Distribution,17619.9,198.7
177,Sherwin-Williams,SHW,Basic Materials,Specialty Chemicals,17534.5,1108.7
178,Emerson Electric,EMR,Industrials,Specialty Industrial Machinery,17408,2203
179,NGL Energy Partners,NGL,Energy,Oil & Gas Midstream,17282.7,-70.9
180,XPO Logistics,XPO,Industrials,Trucking,17279,422
181,EOG Resources,EOG,Energy,Oil & Gas E&P,17275.4,3419
182,Applied Materials,AMAT,Technology,Semiconductor Equipment & Materials,17253,3313
183,PG&E,PCG,Utilities,Utilities - Regulated Electric,16759,-6851
184,NextEra Energy,NEE,Utilities,Utilities - Regulated Electric,16727,6638
185,C.H. Robinson Worldwide,CHRW,Industrials,Integrated Freight & Logistics,16631.2,664.5
186,Gap,GPS,Consumer Cyclical,Apparel Retail,16580,1003
187,Lincoln National,LNC,Financial Services,Insurance - Life,16424,1641
188,DaVita,DVA,Healthcare,Medical Care Facilities,16368.6,159.4
189,Jones Lang LaSalle,JLL,Real Estate,Real Estate Services,16318.4,484.5
190,WestRock,WRK,Consumer Cyclical,Packaging & Containers,16285.1,1906.1
191,CDW,CDW,Technology,Information Technology Services,16240.5,643
192,American Electric Power,AEP,Utilities,Utilities - Regulated Electric,16195.7,1923.8
193,Cognizant Technology Solutions,CTSH,Technology,Information Technology Services,16125,2101
194,D.R. Horton,DHI,Consumer Cyclical,Residential Construction,16068,1460.3
195,Becton Dickinson,BDX,Healthcare,Medical Instruments & Supplies,15983,311
196,Nordstrom,JWN,Consumer Cyclical,Department Stores,15860,564
197,Netflix,NFLX,Communication Services,Entertainment,15794.3,1211.2
198,Aramark,ARMK,Industrials,Specialty Business Services,15789.6,567.9
199,Texas Instruments,TXN,Technology,Semiconductors,15784,5580
200,General Mills,GIS,Consumer Defensive,Packaged Foods,15740.4,2131
201,Supervalu,SVU,Consumer Defensive,,15679,45
202,Colgate-Palmolive,CL,Consumer Defensive,Household & Personal Products,15544,2400
203,Goodyear Tire & Rubber,GT,Consumer Cyclical,Auto Parts,15475,693
204,PayPal Holdings,PYPL,Financial Services,Credit Services,15451,2057
205,PPG Industries,PPG,Basic Materials,Specialty Chemicals,15374,1341
206,Omnicom Group,OMC,Communication Services,Advertising Agencies,15290.2,1326.4
207,Celgene,BMY,Healthcare,Drug Manufacturers - General,15281,4046
208,Jacobs Engineering Group,J,Industrials,Engineering & Construction,14984.6,163.4
209,Ross Stores,ROST,Consumer Cyclical,Apparel Retail,14983.5,1587.5
210,Marsh & McLennan,MMC,Financial Services,Insurance Brokers,14950,1650
210,Mastercard,MA,Financial Services,Credit Services,14950,5859
212,Land O'Lakes,,Consumer Defensive,,14936.2,254.5
213,Waste Management,WM,Industrials,Waste Management,14914,1925
214,Illinois Tool Works,ITW,Industrials,Specialty Industrial Machinery,14768,2563
215,Ecolab,ECL,Basic Materials,Specialty Chemicals,14668.2,1429.1
216,Booking Holdings,BKNG,Consumer Cyclical,Travel Services,14527,3998
217,CBS,PARA,Communication Services,Entertainment,14514,1960
218,Parker-Hannifin,PH,Industrials,Specialty Industrial Machinery,14302.4,1060.8
219,Principal Financial,PFG,Financial Services,Asset Management,14237.2,1546.5
220,DTE Energy,DTE,Utilities,Utilities - Regulated Electric,14212,1120
221,BlackRock,BLK,Financial Services,Asset Management,14198,4305
222,United States Steel,X,Basic Materials,Steel,14178,1115
223,Community Health Systems,CYH,Healthcare,Medical Care Facilities,14155,-788
224,Kinder Morgan,KMI,Energy,Oil & Gas Midstream,14144,1609
225,Qurate Retail,QRTEA,Consumer Cyclical,Internet Retail,14070,916
226,Loews,L,Financial Services,Insurance - Property & Casualty,14066,636
227,Arconic,ARNC,Industrials,,14014,642
228,Stanley Black & Decker,SWK,Industrials,Tools & Accessories,13982.4,605.2
229,Textron,TXT,Industrials,Aerospace & Defense,13972,1222
230,Las Vegas Sands,LVS,Consumer Cyclical,Resorts & Casinos,13729,2413
231,Estee Lauder,EL,Consumer Defensive,Household & Personal Products,13683,1108
232,DISH Network,DISH,Communication Services,,13621.3,1575.1
233,Stryker,SYK,Healthcare,Medical Devices,13601,3553
234,Kellogg,K,Consumer Defensive,Packaged Foods,13547,1336
235,Biogen,BIIB,Healthcare,Drug Manufacturers - General,13452.9,4430.7
236,Alcoa,AA,Basic Materials,Aluminum,13403,227
237,Anadarko Petroleum,APC,Energy,,13382,615
238,Dominion Energy,D,Utilities,Utilities - Regulated Electric,13366,2447
239,ADP,ADP,Industrials,Staffing & Employment Services,13325.8,1620.8
240,salesforce.com,CRM,Technology,Software - Application,13282,1110
241,L Brands,LB,Consumer Cyclical,,13236.9,643.9
242,Henry Schein,HSIC,Healthcare,Medical Distribution,13202,535.9
243,Newell Brands,NWL,Consumer Defensive,Household & Personal Products,13033.1,-6917.9
244,Guardian Life Ins. Co. of America,,Financial Services,,13014.9,464.9
245,BJ's Wholesale Club,BJ,Consumer Defensive,Discount Stores,13007.3,127.3
246,BB&T Corp.,,Financial Services,,12996,3237
247,State Street Corp.,STT,Financial Services,Asset Management,12973,2599
248,Viacom,,Communication Services,,12943,1719
249,Ameriprise Financial,AMP,Financial Services,Asset Management,12924,2098
250,Core-Mark Holding,,Consumer Defensive,,12903.9,45.5
251,Reinsurance Group of America,RGA,Financial Services,Insurance - Reinsurance,12875.7,715.8
252,VF,VFC,Consumer Cyclical,Apparel Manufacturing,12862.3,658.6
253,Discover Financial Services,DFS,Financial Services,Credit Services,12848,2742
254,Global Partners,GLP,Energy,Oil & Gas Midstream,12672.6,103.9
255,Edison International,EIX,Utilities,Utilities - Regulated Electric,12657,-423
256,Oneok,OKE,Energy,Oil & Gas Midstream,12593.2,1151.7
257,Murphy USA,MUSA,Consumer Cyclical,Specialty Retail,12524,213.6
258,Bed Bath & Beyond,BBBY,Consumer Cyclical,,12349.3,424.9
259,Consolidated Edison,ED,Utilities,Utilities - Regulated Electric,12337,1382
260,CSX,CSX,Industrials,Railroads,12250,3309
261,J.C. Penney,,Consumer Cyclical,,12019,-255
262,LKQ,LKQ,Consumer Cyclical,Auto Parts,11876.7,480.1
263,FirstEnergy,FE,Utilities,Utilities - Regulated Electric,11864,1348
264,Steel Dynamics,STLD,Basic Materials,Steel,11821.8,1258.4
265,Lithia Motors,LAD,Consumer Cyclical,Auto & Truck Dealerships,11821.4,265.7
266,MGM Resorts International,MGM,Consumer Cyclical,Resorts & Casinos,11763.1,466.8
267,Tenneco,,Consumer Cyclical,,11763,55
268,Nvidia,NVDA,Technology,Semiconductors,11716,4141
269,Sempra Energy,SRE,Utilities,Utilities - Diversified,11687,1049
270,Farmers Insurance Exchange,,Financial Services,,11650.4,-70.5
271,Ball,BALL,Basic Materials,Packaging & Containers,11635,454
272,Group 1 Automotive,GPI,Consumer Cyclical,Auto & Truck Dealerships,11601.4,157.8
273,Unum Group,UNM,Financial Services,Insurance - Life,11598.5,523.4
274,Xcel Energy,XEL,Utilities,Utilities - Regulated Electric,11537,1261
275,Reliance Steel & Aluminum,RS,Basic Materials,Steel,11534.5,633.7
276,Huntsman,HUN,Basic Materials,Chemicals,11527,337
277,Norfolk Southern,NSC,Industrials,Railroads,11458,2666
278,Laboratory Corp. of America,LH,Healthcare,Diagnostics & Research,11333.4,883.7
279,Corning,GLW,Technology,Electronic Components,11290,1066
280,Expedia Group,EXPE,Consumer Cyclical,Travel Services,11223,406
281,AutoZone,AZO,Consumer Cyclical,Specialty Retail,11221.1,1337.5
282,W.W. Grainger,GWW,Industrials,Industrial Distribution,11221,782
283,Quanta Services,PWR,Industrials,Engineering & Construction,11171.4,293.3
284,Crown Holdings,CCK,Consumer Cyclical,Packaging & Containers,11151,439
285,Office Depot,ODP,Consumer Cyclical,Specialty Retail,11130,104
286,Baxter International,BAX,Healthcare,Medical Instruments & Supplies,11127,1624
287,Lam Research,LRCX,Technology,Semiconductor Equipment & Materials,11077,2380.7
288,Entergy,ETR,Utilities,Utilities - Regulated Electric,11009.5,848.7
289,Charles Schwab,SCHW,Financial Services,Capital Markets,10989,3507
290,L3 Technologies,LHX,Industrials,Aerospace & Defense,10841,1005
291,NRG Energy,NRG,Utilities,Utilities - Independent Power Producers,10797,268
292,Live Nation Entertainment,LYV,Communication Services,Entertainment,10787.8,60.2
293,Universal Health Services,UHS,Healthcare,Medical Care Facilities,10772.3,779.7
294,Molson Coors Brewing,TAP,Consumer Defensive,Beverages - Brewers,10769.6,1116.5
295,eBay,EBAY,Consumer Cyclical,Internet Retail,10746,2530
296,AES,AES,Utilities,Utilities - Diversified,10736,1203
297,Devon Energy,DVN,Energy,Oil & Gas E&P,10734,3064
298,Pacific Life,,Financial Services,,10699,913
299,CenterPoint Energy,CNP,Utilities,Utilities - Regulated Electric,10589,368
300,Discovery,DISCA,Financial Services,,10553,594
301,BorgWarner,BWA,Consumer Cyclical,Auto Parts,10529.6,930.7
302,Targa Resources,TRGP,Energy,Oil & Gas Midstream,10484,1.6
303,Ally Financial,ALLY,Financial Services,Credit Services,10466,1263
304,SunTrust Banks,TFC,Financial Services,Banks - Regional,10431,2775
305,IQVIA Holdings,IQV,Healthcare,Diagnostics & Research,10412,259
306,American Family Insurance Group,,Financial Services,,10336.2,295.3
307,Delek US Holdings,DK,Energy,Oil & Gas Refining & Marketing,10265.6,340.1
308,Navistar International,NAV,Industrials,,10250,340
309,Chesapeake Energy,CHK,Energy,Oil & Gas E&P,10231,873
310,United Natural Foods,UNFI,Consumer Defensive,Food Distribution,10226.7,165.7
311,Leidos Holdings,LDOS,Technology,Information Technology Services,10194,581
312,PulteGroup,PHM,Consumer Cyclical,Residential Construction,10188.3,1022
313,Eastman Chemical,EMN,Basic Materials,Specialty Chemicals,10151,1080
314,Republic Services,RSG,Industrials,Waste Management,10040.9,1036.9
315,Mohawk Industries,MHK,Consumer Cyclical,"Furnishings, Fixtures & Appliances",9983.6,861.7
316,Sonic Automotive,SAH,Consumer Cyclical,Auto & Truck Dealerships,9951.6,51.7
317,Owens & Minor,OMI,Healthcare,Medical Distribution,9838.7,-437
318,Xerox,XRX,Technology,Information Technology Services,9830,361
319,Boston Scientific,BSX,Healthcare,Medical Devices,9823,1671
320,DCP Midstream,DCP,Energy,,9822,298
321,Autoliv,ALV,Consumer Cyclical,Auto Parts,9801.1,190.4
322,Interpublic Group,IPG,Communication Services,Advertising Agencies,9714.4,618.9
323,Public Service Enterprise Group,PEG,Utilities,Utilities - Regulated Electric,9696,1438
324,PVH,PVH,Consumer Cyclical,Apparel Manufacturing,9656.8,746.4
325,Mosaic,MOS,Basic Materials,Agricultural Inputs,9587.3,470
326,Advance Auto Parts,AAP,Consumer Cyclical,Specialty Retail,9580.6,423.8
327,Altice USA,ATUS,Communication Services,Telecom Services,9566.6,18.8
328,Hormel Foods,HRL,Consumer Defensive,Packaged Foods,9545.7,1012.1
329,O'Reilly Automotive,ORLY,Consumer Cyclical,Specialty Retail,9536.4,1324.5
330,Calpine,,Utilities,,9512,10
331,Hertz Global Holdings,HTZ,Industrials,Rental & Leasing Services,9504,-225
332,First Data,FDC,Financial Services,,9498,1005
333,Pioneer Natural Resources,PXD,Energy,Oil & Gas E&P,9415,978
334,Coty,COTY,Consumer Defensive,Household & Personal Products,9398,-168.8
335,AGCO,AGCO,Industrials,Farm & Heavy Construction Machinery,9352,285.5
336,Mutual of Omaha Insurance,,Financial Services,,9347.2,277.3
337,Vistra Energy,VST,Utilities,Utilities - Independent Power Producers,9144,-54
338,Avis Budget Group,CAR,Industrials,Rental & Leasing Services,9124,165
339,Adobe,ADBE,Technology,Software - Infrastructure,9030,2590.8
340,Peter Kiewit Sons',,Industrials,,9025,468
341,News Corp.,NWSA,Communication Services,Entertainment,9024,-1514
342,Brighthouse Financial,BHF,Financial Services,Insurance - Life,8965,865
343,Voya Financial,VOYA,Financial Services,Financial Conglomerates,8934,875
344,Air Products & Chemicals,APD,Basic Materials,Specialty Chemicals,8930.2,1497.8
345,Hilton Worldwide Holdings,HLT,Consumer Cyclical,Lodging,8906,764
346,GameStop,GME,Consumer Cyclical,Specialty Retail,8850.7,-673
347,Veritiv,VRTV,Industrials,,8696.2,-15.7
348,Williams,WMB,Energy,Oil & Gas Midstream,8686,-155
349,Campbell Soup,CPB,Consumer Defensive,Packaged Foods,8685,261
350,Rockwell Collins,,Industrials,,8665,1032
351,Thrivent Financial for Lutherans,,Financial Services,,8635.2,1233.9
352,Westlake Chemical,WLK,Basic Materials,Specialty Chemicals,8635,996
353,Univar,UNVR,Basic Materials,,8632.5,172.3
354,J.B. Hunt Transport Services,JBHT,Industrials,Integrated Freight & Logistics,8614.9,489.6
355,Frontier Communications,FYBR,Communication Services,Telecom Services,8611,-643
356,Jones Financial (Edward Jones),,Financial Services,,8594,990
357,National Oilwell Varco,NOV,Energy,Oil & Gas Equipment & Services,8453,-31
358,Eversource Energy,ES,Utilities,Utilities - Regulated Electric,8448.2,1033
359,Dick's Sporting Goods,DKS,Consumer Cyclical,Specialty Retail,8436.6,319.9
360,Genworth Financial,GNW,Financial Services,Insurance - Life,8430,119
361,Fidelity National Information Services,FIS,Technology,Information Technology Services,8423,846
362,Yum China Holdings,YUMC,Consumer Cyclical,Restaurants,8415,708
363,Ryder System,R,Industrials,Rental & Leasing Services,8409.2,273.3
364,Anixter International,AXE,Industrials,,8400.2,156.3
365,Caesars Entertainment,CZR,Consumer Cyclical,Resorts & Casinos,8391,303
366,Masco,MAS,Industrials,Building Products & Equipment,8359,734
367,Thor Industries,THO,Consumer Cyclical,Recreational Vehicles,8328.9,430.2
368,Alaska Air Group,ALK,Industrials,Airlines,8264,437
369,Amphenol,APH,Technology,Electronic Components,8202,1205
370,WESCO International,WCC,Industrials,Industrial Distribution,8176.6,227.3
371,Huntington Ingalls Industries,HII,Industrials,Aerospace & Defense,8176,836
372,Jefferies Financial Group,JEF,Financial Services,Capital Markets,8151.8,1026.8
373,Dana,DAN,Consumer Cyclical,Auto Parts,8143,427
374,Expeditors Intl. of Washington,EXPD,Industrials,Integrated Freight & Logistics,8138.4,618.2
375,EMCOR Group,EME,Industrials,Engineering & Construction,8130.6,283.5
376,Darden Restaurants,DRI,Consumer Cyclical,Restaurants,8080.1,596
377,SpartanNash,SPTN,Consumer Defensive,Food Distribution,8064.6,33.6
378,Assurant,AIZ,Financial Services,Insurance - Specialty,8057.6,251
379,United Rentals,URI,Industrials,Rental & Leasing Services,8047,1096
380,Liberty Media,LSXMA,Communication Services,Broadcasting,8040,531
381,Erie Insurance Group,,Financial Services,,8030.7,686.3
382,Auto-Owners Insurance,,Financial Services,,7999.3,754.5
383,Cheniere Energy,LNG,Energy,Oil & Gas Midstream,7987,471
384,Fifth Third Bancorp,FITB,Financial Services,Banks - Regional,7973,2193
385,Foot Locker,FL,Consumer Cyclical,Apparel Retail,7939,541
386,Conagra Brands,CAG,Consumer Defensive,Packaged Foods,7938.3,808.4
387,Zimmer Biomet Holdings,ZBH,Healthcare,Medical Devices,7932.9,-379.2
388,Tractor Supply,TSCO,Consumer Cyclical,Specialty Retail,7911,532.4
389,Berry Global Group,BERY,Consumer Cyclical,Packaging & Containers,7869,496
390,Alliance Data Systems,BFH,Financial Services,Credit Services,7791.2,963.1
391,Hershey,HSY,Consumer Defensive,Confectioners,7791.1,1177.6
392,PPL,PPL,Utilities,Utilities - Regulated Electric,7785,1827
393,Dean Foods,DFODQ,Consumer Defensive,,7755.3,-326.9
394,Builders FirstSource,BLDR,Industrials,Building Products & Equipment,7724.8,205.2
395,Oshkosh,OSK,Industrials,Farm & Heavy Construction Machinery,7705.5,471.9
396,EnLink Midstream,ENLC,Energy,Oil & Gas Midstream,7699,-13.2
397,W.R. Berkley,WRB,Financial Services,Insurance - Property & Casualty,7691.7,640.7
398,WEC Energy Group,WEC,Utilities,Utilities - Regulated Electric,7679.5,1059.3
399,JetBlue Airways,JBLU,Industrials,Airlines,7658,188
400,UGI,UGI,Utilities,Utilities - Regulated Gas,7651.2,718.7
401,A-Mark Precious Metals,AMRK,Financial Services,Capital Markets,7606.2,-3.4
402,Fidelity National Financial,FNF,Financial Services,Insurance - Specialty,7594,628
403,Constellation Brands,STZ,Consumer Defensive,Beverages - Wineries & Distilleries,7585,2318.9
404,Quest Diagnostics,DGX,Healthcare,Diagnostics & Research,7531,736
405,Activision Blizzard,ATVI,Communication Services,,7500,1813
406,Weyerhaeuser,WY,Real Estate,REIT - Specialty,7476,748
407,Raymond James Financial,RJF,Financial Services,Capital Markets,7475.8,856.7
408,Casey's General Stores,CASY,Consumer Cyclical,Specialty Retail,7472.1,317.9
409,Keurig Dr Pepper,KDP,Consumer Defensive,Beverages - Non-Alcoholic,7442,586
410,American Tower,AMT,Real Estate,REIT - Specialty,7440.1,1236.4
411,Apache,APA,Energy,Oil & Gas E&P,7424,40
412,Dover,DOV,Industrials,Specialty Industrial Machinery,7395.8,570.3
413,KeyCorp,KEY,Financial Services,Banks - Regional,7393,1866
414,J.M. Smucker,SJM,Consumer Defensive,Packaged Foods,7357.1,1338.6
415,Citizens Financial Group,CFG,Financial Services,Banks - Regional,7354,1721
416,Motorola Solutions,MSI,Technology,Communication Equipment,7343,966
417,Magellan Health,MGLN,Healthcare,,7314.2,24.2
418,American Axle & Manufacturing,AXL,Consumer Cyclical,Auto Parts,7270.4,-57.5
419,Newmont Goldcorp,,Basic Materials,,7253,341
420,Spirit AeroSystems Holdings,SPR,Industrials,Aerospace & Defense,7222,617
421,Western & Southern Financial Group,,Financial Services,,7205,495
422,Fortive,FTV,Technology,Scientific & Technical Instruments,7203.2,2913.8
423,Graybar Electric,,Basic Materials,,7202.5,143.3
424,NVR,NVR,Consumer Cyclical,Residential Construction,7189.7,797.2
425,Avery Dennison,AVY,Consumer Cyclical,Packaging & Containers,7159,467.4
426,Celanese,CE,Basic Materials,Chemicals,7155,1207
427,American Financial Group,AFG,Financial Services,Insurance - Property & Casualty,7150,530
428,Toll Brothers,TOL,Consumer Cyclical,Residential Construction,7143.3,748.2
429,Sanmina,SANM,Technology,Electronic Components,7110.1,-95.5
430,Insight Enterprises,NSIT,Technology,Electronics & Computer Distribution,7080.1,163.7
431,Owens Corning,OC,Industrials,Building Products & Equipment,7057,545
432,Packaging Corp. of America,PKG,Consumer Cyclical,Packaging & Containers,7014.6,738
433,TravelCenters of America,TA,Consumer Cyclical,,6973.6,-120.6
434,Olin,OLN,Basic Materials,Specialty Chemicals,6946.1,327.9
435,Arthur J. Gallagher,AJG,Financial Services,Insurance Brokers,6934,633.5
436,MasTec,MTZ,Industrials,Engineering & Construction,6909.4,259.7
437,Alleghany,Y,Financial Services,,6887.2,39.5
438,Owens-Illinois,OI,Consumer Cyclical,Packaging & Containers,6877,257
439,Asbury Automotive Group,ABG,Consumer Cyclical,Auto & Truck Dealerships,6874.4,168
440,CMS Energy,CMS,Utilities,Utilities - Regulated Electric,6873,657
441,Markel,MKL,Financial Services,Insurance - Property & Casualty,6841.3,-128.2
442,Blackstone Group,BX,Financial Services,Asset Management,6833.3,1541.8
443,AK Steel Holding,,Basic Materials,,6818.2,186
444,Hanesbrands,HBI,Consumer Cyclical,Apparel Manufacturing,6804,553.1
445,R.R. Donnelley & Sons,RRD,Industrials,,6800.2,-11
446,Wayfair,W,Consumer Cyclical,Internet Retail,6779.2,-504.1
447,Regions Financial,RF,Financial Services,Banks - Regional,6762,1759
448,Wynn Resorts,WYNN,Consumer Cyclical,Resorts & Casinos,6717.7,572.4
449,Ulta Beauty,ULTA,Consumer Cyclical,Specialty Retail,6716.6,658.6
450,Regeneron Pharmaceuticals,REGN,Healthcare,Biotechnology,6710.8,2444.4
451,Burlington Stores,BURL,Consumer Cyclical,Apparel Retail,6668.5,414.7
452,Rockwell Automation,ROK,Industrials,Specialty Industrial Machinery,6666,535.5
453,Northern Trust,NTRS,Financial Services,Asset Management,6658.9,1556.4
454,Chemours,CC,Basic Materials,Specialty Chemicals,6638,995
455,Seaboard,SEB,Industrials,Conglomerates,6583,-17
456,Marathon Oil,MRO,Energy,Oil & Gas E&P,6582,1096
457,Ascena Retail Group,ASNA,Consumer Cyclical,,6578.3,-39.7
458,Dillard's,DDS,Consumer Cyclical,Department Stores,6503.3,170.3
459,Cintas,CTAS,Industrials,Specialty Business Services,6487.4,842.6
460,Advanced Micro Devices,AMD,Technology,Semiconductors,6475,337
461,Hess,HES,Energy,Oil & Gas E&P,6466,-282
462,M&T Bank Corp.,MTB,Financial Services,Banks - Regional,6454.7,1918.1
463,ABM Industries,ABM,Industrials,Specialty Business Services,6442.2,97.8
464,Beacon Roofing Supply,BECN,Industrials,Industrial Distribution,6418.3,98.6
465,NCR,NCR,Technology,,6405,-88
466,iHeartMedia,IHRT,Communication Services,Broadcasting,6325.8,-201.9
467,Franklin Resources,BEN,Financial Services,Asset Management,6319.1,764.4
468,Ameren,AEE,Utilities,Utilities - Regulated Electric,6291,815
469,Intercontinental Exchange,ICE,Financial Services,Financial Data & Stock Exchanges,6276,1988
470,S&P Global,SPGI,Financial Services,Financial Data & Stock Exchanges,6258,1958
471,Post Holdings,POST,Consumer Defensive,Packaged Foods,6257.2,467.3
472,Analog Devices,ADI,Technology,Semiconductors,6200.9,1495.4
473,Ralph Lauren,RL,Consumer Cyclical,Apparel Manufacturing,6182.3,162.8
474,L3Harris Technologies,LHX,Industrials,Aerospace & Defense,6182,718
475,Booz Allen Hamilton,BAH,Industrials,Consulting Services,6171.9,305.1
476,Polaris Industries,PII,Consumer Cyclical,Recreational Vehicles,6166,335.3
477,Clorox,CLX,Consumer Defensive,Household & Personal Products,6124,823
478,Realogy Holdings,RLGY,Real Estate,,6079,137
479,HD Supply Holdings,HDS,Industrials,,6047,394
480,Graphic Packaging Holding,GPK,Consumer Cyclical,Packaging & Containers,6023,221.1
481,Old Republic International,ORI,Financial Services,Insurance - Diversified,6021.8,370.5
482,Intuit,INTU,Technology,Software - Application,5964,1211
483,NetApp,NTAP,Technology,Computer Hardware,5911,76
484,Tapestry,TPR,Consumer Cyclical,Luxury Goods,5880,397.5
485,ON Semiconductor,ON,Technology,Semiconductors,5878.3,627.4
486,Ingredion,INGR,Consumer Defensive,Packaged Foods,5841,443
487,Zoetis,ZTS,Healthcare,Drug Manufacturers - Specialty & Generic,5825,1428
488,Fiserv,FISV,Technology,,5823,1187
489,TreeHouse Foods,THS,Consumer Cyclical,Packaged Foods,5812.1,-61.4
490,Robert Half International,RHI,Industrials,Staffing & Employment Services,5800.3,434.3
491,First American Financial,FAF,Financial Services,Insurance - Specialty,5747.8,474.5
492,Harley-Davidson,HOG,Consumer Cyclical,Recreational Vehicles,5716.9,531.5
493,Windstream Holdings,WINMQ,Communication Services,,5713.1,-723
494,Yum Brands,YUM,Consumer Cyclical,Restaurants,5688,1542
495,Williams-Sonoma,WSM,Consumer Cyclical,Specialty Retail,5671.6,333.7
496,Simon Property Group,SPG,Real Estate,REIT - Retail,5657.9,2440.1
497,Navient,NAVI,Financial Services,Credit Services,5610,395
498,Western Union,WU,Financial Services,Credit Services,5589.9,851.9
499,Peabody Energy,BTU,Energy,Thermal Coal,5581.8,646.9
500,Levi Strauss,LEVI,Consumer Cyclical,Apparel Manufacturing,5575.4,283.1