Rank,Name,Ticker,Sector,Industry,Revenue,Profit
1,Wal-Mart Stores,WMT,Consumer Defensive,Discount Stores,469162,16999
2,Exxon Mobil,XOM,Energy,Oil & Gas Integrated,449886,44880
3,Chevron,CVX,Energy,Oil & Gas Integrated,233899,26179
4,Phillips 66,PSX,Energy,Oil & Gas Refining & Marketing,169551,4124
5,Berkshire Hathaway,BRKA,Financial Services,,162463,14824
6,Apple,AAPL,Technology,Consumer Electronics,156508,41733
7,General Motors,GM,Consumer Cyclical,Auto Manufacturers,152256,6188
8,General Electric,GE,Industrials,Specialty Industrial Machinery,146874,13641
9,Valero Energy,VLO,Energy,Oil & Gas Refining & Marketing,138286,2083
10,Ford Motor,F,Consumer Cyclical,Auto Manufacturers,134252,5665
11,AT&T,T,Communication Services,Telecom Services,127434,7264
12,Fannie Mae,FNMA,Financial Services,Mortgage Finance,127230,17220
13,CVS Caremark,CVS,Healthcare,Healthcare Plans,123133,3876.9
14,McKesson,MCK,Healthcare,Medical Distribution,122734,1403
15,Hewlett-Packard,HPE,Technology,Communication Equipment,120357,-12650
16,Verizon Communications,VZ,Communication Services,Telecom Services,115846,875
17,UnitedHealth Group,UNH,Healthcare,Healthcare Plans,110618,5526
18,J.P. Morgan Chase & Co.,JPM,Financial Services,Banks - Diversified,108184,21284
19,Cardinal Health,CAH,Healthcare,Medical Distribution,107552,1069
20,International Business Machines,IBM,Technology,Information Technology Services,104507,16604
21,Bank of America Corp.,BAC,Financial Services,Banks - Diversified,100078,4188
22,Costco Wholesale,COST,Consumer Defensive,Discount Stores,99137,1709
23,Kroger,KR,Consumer Defensive,Grocery Stores,96751.3,1496.5
24,Express Scripts Holding,ESRX,Healthcare,,94416.7,1312.9
25,Wells Fargo,WFC,Financial Services,Banks - Diversified,91247,18897
26,Citigroup,C,Financial Services,Banks - Diversified,90769,7541
27,Archer Daniels Midland,ADM,Consumer Defensive,Farm Products,89038,1223
28,Procter & Gamble,PG,Consumer Defensive,Household & Personal Products,85120,10756
29,Prudential Financial,PRU,Financial Services,Insurance - Life,84838,469
30,Boeing,BA,Industrials,Aerospace & Defense,81698,3900
31,Freddie Mac,FMCC,Financial Services,Mortgage Finance,80635,10982
32,AmerisourceBergen,ABC,Healthcare,,79720.5,719
33,Marathon Petroleum,MPC,Energy,Oil & Gas Refining & Marketing,76783,3389
34,Home Depot,HD,Consumer Cyclical,Home Improvement Retail,74754,4535
35,Microsoft,MSFT,Technology,Software - Infrastructure,73723,16978
36,Target,TGT,Consumer Defensive,Discount Stores,73301,2999
37,Walgreen,WBA,Healthcare,Pharmaceutical Retailers,71633,2127
38,American International Group,AIG,Financial Services,Insurance - Diversified,70143,3438
39,INTL FCStone,SNEX,Financial Services,Capital Markets,69260.6,15
40,MetLife,MET,Financial Services,Insurance - Life,68224,1324
41,Johnson & Johnson,JNJ,Healthcare,Drug Manufacturers - General,67224,10853
42,Caterpillar,CAT,Industrials,Farm & Heavy Construction Machinery,65875,5681
43,PepsiCo,PEP,Consumer Defensive,Beverages - Non-Alcoholic,65492,6178
44,State Farm Insurance Cos.,,Financial Services,,65285.7,3159.2
45,ConocoPhillips,COP,Energy,Oil & Gas E&P,63373,8428
46,Comcast,CMCSA,Communication Services,Telecom Services,62570,6203
47,WellPoint,ANTM,Healthcare,,61711.7,2655.5
48,Pfizer,PFE,Healthcare,Drug Manufacturers - General,61244,14570
49,Amazon.com,AMZN,Consumer Cyclical,Internet Retail,61093,-39
50,United Technologies,UTX,Industrials,,59783,5130
51,Dell,DELL,Technology,Computer Hardware,56940,2372
52,Dow Chemical,,Basic Materials,,56786,1182
53,United Parcel Service,UPS,Industrials,Integrated Freight & Logistics,54127,807
54,Intel,INTC,Technology,Semiconductors,53341,11005
55,Google,GOOG,Communication Services,Internet Content & Information,52203,10737
56,Lowe's,LOW,Consumer Cyclical,Home Improvement Retail,50521,1959
57,Coca-Cola,KO,Consumer Defensive,Beverages - Non-Alcoholic,48017,9019
58,Merck,MRK,Healthcare,Drug Manufacturers - General,47267,6168
59,Lockheed Martin,LMT,Industrials,Aerospace & Defense,47182,2745
60,Cisco Systems,CSCO,Technology,Communication Equipment,46061,8041
61,Best Buy,BBY,Consumer Cyclical,Specialty Retail,45087,-441
62,Safeway,,Consumer Defensive,,44206.5,596.5
63,FedEx,FDX,Industrials,Integrated Freight & Logistics,42680,2032
64,Enterprise Products Partners,EPD,Energy,Oil & Gas Midstream,42583.1,2419.9
65,Sysco,SYY,Consumer Defensive,Food Distribution,42380.9,1121.6
66,Walt Disney,DIS,Communication Services,Entertainment,42278,5682
67,Johnson Controls,JCI,Industrials,Building Products & Equipment,41955,1226
68,Goldman Sachs Group,GS,Financial Services,Capital Markets,41664,7475
69,CHS,,Basic Materials,,40599.3,1260.6
70,Abbott Laboratories,ABT,Healthcare,Medical Devices,39873.9,5962.9
71,Sears Holdings,SHLDQ,Consumer Cyclical,,39854,-930
72,DuPont,DD,Basic Materials,Specialty Chemicals,39528,2788
73,Humana,HUM,Healthcare,Healthcare Plans,39126,1222
74,World Fuel Services,INT,Energy,,38945.3,189.3
75,Hess,HES,Energy,Oil & Gas E&P,38373,2025
76,Ingram Micro,,Technology,,37827.3,305.9
77,Plains All American Pipeline,PAA,Energy,Oil & Gas Midstream,37797,1094
78,Honeywell International,HON,Industrials,Conglomerates,37665,2926
79,United Continental Holdings,UAL,Industrials,Airlines,37152,-723
80,Oracle,ORCL,Technology,Software - Infrastructure,37121,9981
81,Liberty Mutual Insurance Group,,Financial Services,,36944,829
82,HCA Holdings,HCA,Healthcare,Medical Care Facilities,36783,1605
83,Delta Air Lines,DAL,Industrials,Airlines,36670,1009
84,Aetna,AET,Healthcare,,36595.9,1657.9
85,Deere,DE,Industrials,Farm & Heavy Construction Machinery,36157.1,3064.7
86,Supervalu,SVU,Consumer Defensive,,36100,-1040
87,Sprint Nextel,,Communication Services,,35345,-4326
88,Mondelēz International,MDLZ,Consumer Defensive,Confectioners,35015,3028
89,New York Life Insurance,,Financial Services,,34308.6,1333.2
90,American Express,AXP,Financial Services,Credit Services,33808,4482
91,News Corp.,NWSA,Communication Services,Entertainment,33706,1179
92,Allstate,ALL,Financial Services,Insurance - Property & Casualty,33315,2306
93,Tyson Foods,TSN,Consumer Defensive,Farm Products,33278,583
94,Massachusetts Mutual Life Insurance,,Financial Services,,32872.2,1114.6
95,Tesoro,TSO,Basic Materials,,32484,743
96,Morgan Stanley,MS,Financial Services,Capital Markets,32355,68
97,TIAA-CREF,TRGIX,Financial Services,,32156,2060
98,General Dynamics,GD,Industrials,Aerospace & Defense,31513,-332
99,Philip Morris International,PM,Consumer Defensive,Tobacco,31377,8800
100,Nationwide,,Financial Services,,30356.3,748.5
101,3M,MMM,Industrials,Conglomerates,29904,4444
102,DirecTV,DTV,Communication Services,,29740,2949
103,Cigna,CI,Healthcare,Healthcare Plans,29119,1623
104,Murphy Oil,MUR,Energy,Oil & Gas E&P,28776.4,970.9
105,Time Warner,TWX,Communication Services,,28729,3019
106,Halliburton,HAL,Energy,Oil & Gas Equipment & Services,28503,2635
107,International Paper,IP,Consumer Cyclical,Packaging & Containers,27833,794
108,Publix Super Markets,,Consumer Defensive,,27706.8,1552.3
109,Macy's,M,Consumer Cyclical,Department Stores,27686,1335
110,Fluor,FLR,Industrials,Engineering & Construction,27577.1,456.3
111,McDonald's,MCD,Consumer Cyclical,Restaurants,27567,5464.8
112,Hartford Financial Services Group,HIG,Financial Services,Insurance - Property & Casualty,26412,-38
113,Rite Aid,RAD,Healthcare,,26121.2,-368.6
114,Northwestern Mutual,,Financial Services,,25957,783
115,TJX,TJX,Consumer Cyclical,Apparel Retail,25878.4,1906.7
116,Travelers Cos.,TRV,Financial Services,Insurance - Property & Casualty,25740,2473
117,Avnet,AVT,Technology,Electronics & Computer Distribution,25707.5,567
118,Aflac,AFL,Financial Services,Insurance - Life,25364,2866
119,Tech Data,TECD,Technology,,25361,214.6
120,Northrop Grumman,NOC,Industrials,Aerospace & Defense,25218,1978
121,AMR,AMR,Basic Materials,Coking Coal,24855,-1876
122,Staples,SPLS,Consumer Defensive,,24671.9,-210.7
123,Emerson Electric,EMR,Industrials,Specialty Industrial Machinery,24507,1968
124,Raytheon,RTN,Industrials,,24414,1888
125,Occidental Petroleum,OXY,Energy,Oil & Gas E&P,24253,4598
126,Nike,NKE,Consumer Cyclical,Footwear & Accessories,24128,2223
127,Capital One Financial,COF,Financial Services,Credit Services,23771,3517
128,Alcoa,AA,Basic Materials,Aluminum,23700,191
129,Exelon,EXC,Utilities,Utilities - Regulated Electric,23489,1160
130,Eli Lilly,LLY,Healthcare,Drug Manufacturers - General,22603.4,4088.6
131,Xerox,XRX,Technology,Information Technology Services,22390,1195
132,U.S. Bancorp,USB,Financial Services,Banks - Regional,22202,5647
133,EMC,EMC,Industrials,,21713.9,2732.6
134,Time Warner Cable,TWX,Communication Services,,21386,2155
135,Baker Hughes,BKR,Energy,Oil & Gas Equipment & Services,21361,1311
136,Kimberly-Clark,KMB,Consumer Defensive,Household & Personal Products,21063,1750
137,Goodyear Tire & Rubber,GT,Consumer Cyclical,Auto Parts,20992,212
138,Union Pacific,UNP,Industrials,Railroads,20926,3943
139,United Services Automobile Assn.,,Financial Services,,20728.6,2832.3
140,ManpowerGroup,MAN,Industrials,Staffing & Employment Services,20678,197.6
141,Arrow Electronics,ARW,Technology,Electronics & Computer Distribution,20405.1,506.3
142,PBF Energy,PBF,Energy,Oil & Gas Refining & Marketing,20138.7,2
143,HollyFrontier,HFC,Energy,,20090.7,1727.2
144,National Oilwell Varco,NOV,Energy,Oil & Gas Equipment & Services,20041,2491
145,Duke Energy,DUK,Utilities,Utilities - Regulated Electric,19624,1768
146,Nucor,NUE,Basic Materials,Steel,19429.3,504.6
147,United States Steel,X,Basic Materials,Steel,19328,-124
148,Kohl's,KSS,Consumer Cyclical,Department Stores,19279,986
149,Qualcomm,QCOM,Technology,Semiconductors,19121,6109
150,CenturyLink,,Communication Services,,18376,777
151,Kraft Foods Group,KHC,Consumer Defensive,Packaged Foods,18339,1642
152,Danaher,DHR,Healthcare,Diagnostics & Research,18270.3,2392.2
153,AES,AES,Utilities,Utilities - Diversified,18207,-912
154,Whirlpool,WHR,Consumer Cyclical,"Furnishings, Fixtures & Appliances",18143,401
155,Illinois Tool Works,ITW,Industrials,Specialty Industrial Machinery,18066,2870
156,Freeport-McMoRan Copper & Gold,FCX,Basic Materials,Copper,18010,3041
157,Global Partners,GLP,Energy,Oil & Gas Midstream,17626,45.5
158,Bristol-Myers Squibb,BMY,Healthcare,Drug Manufacturers - General,17621,1960
159,Altria Group,MO,Consumer Defensive,Tobacco,17500,4180
160,Cummins,CMI,Industrials,Specialty Industrial Machinery,17334,1645
161,Energy Transfer Equity,ET,Energy,Oil & Gas Midstream,17288,302
162,Amgen,AMGN,Healthcare,Drug Manufacturers - General,17265,4345
163,Jabil Circuit,JBL,Technology,Electronic Components,17151.9,394.7
164,Southwest Airlines,LUV,Industrials,Airlines,17088,421
165,Colgate-Palmolive,CL,Consumer Defensive,Household & Personal Products,17085,2472
166,Progressive,PGR,Financial Services,Insurance - Property & Casualty,17083.9,902.3
167,Apache,APA,Energy,Oil & Gas E&P,17078,2001
168,Paccar,PCAR,Industrials,Farm & Heavy Construction Machinery,17050.5,1111.6
169,General Mills,GIS,Consumer Defensive,Packaged Foods,16657.9,1567.3
170,PNC Financial Services Group,PNC,Financial Services,Banks - Regional,16606,3013
171,Southern,SO,Utilities,Utilities - Regulated Electric,16537,2350
172,Medtronic,MDT,Healthcare,Medical Devices,16507,3617
173,TRW Automotive Holdings,TRW,Consumer Cyclical,,16444,1008
174,Marathon Oil,MRO,Energy,Oil & Gas E&P,16221,1582
175,Dollar General,DG,Consumer Defensive,Discount Stores,16022.1,952.7
176,Computer Sciences,,Technology,,15877,-4242
177,AutoNation,AN,Consumer Cyclical,Auto & Truck Dealerships,15668.8,316.4
178,Icahn Enterprises,IEP,Energy,Oil & Gas Refining & Marketing,15654,379
179,Gap,GPS,Consumer Cyclical,Apparel Retail,15651,1135
180,Bank of New York Mellon Corp.,BK,Financial Services,Asset Management,15493,2445
181,FirstEnergy,FE,Utilities,Utilities - Regulated Electric,15303,770
182,PPG Industries,PPG,Basic Materials,Specialty Chemicals,15200,941
183,PG&E Corp.,PCG,Utilities,Utilities - Regulated Electric,15040,816
184,Community Health Systems,CYH,Healthcare,Medical Care Facilities,14988.2,265.6
185,American Electric Power,AEP,Utilities,Utilities - Regulated Electric,14945,1259
186,CBS,PARA,Communication Services,Entertainment,14677,1574
187,Lear,LEA,Consumer Cyclical,Auto Parts,14567,1282.8
188,Loews,L,Financial Services,Insurance - Property & Casualty,14552,568
189,DISH Network,DISH,Communication Services,,14266.5,636.7
190,NextEra Energy,NEE,Utilities,Utilities - Regulated Electric,14256,1911
191,Omnicom Group,OMC,Communication Services,Advertising Agencies,14219.4,998.3
192,Kellogg,K,Consumer Defensive,Packaged Foods,14197,961
193,Baxter International,BAX,Healthcare,Medical Instruments & Supplies,14190,2326
194,Land O'Lakes,,Consumer Defensive,,14116.2,240.4
195,Coventry Health Care,,Healthcare,,14113.4,487.1
196,eBay,EBAY,Consumer Cyclical,Internet Retail,14072,2609
197,L-3 Communications,LHX,Industrials,Aerospace & Defense,14057,810
198,Viacom,,Communication Services,,13887,1981
199,US Airways Group,LCC,Industrials,,13831,637
200,Waste Management,WM,Industrials,Waste Management,13649,817
201,Yum Brands,YUM,Consumer Cyclical,Restaurants,13633,1597
202,Chubb,CB,Financial Services,Insurance - Property & Casualty,13595,1545
203,Penske Automotive Group,PAG,Consumer Cyclical,Auto & Truck Dealerships,13593.2,185.5
204,"Toys ""R"" Us",VNO,Consumer Cyclical,REIT - Office,13543,38
205,Aramark,ARMK,Industrials,Specialty Business Services,13505.4,138.2
206,Monsanto,MON,Basic Materials,,13504,2045
207,Anadarko Petroleum,APC,Energy,,13411,2391
208,Starbucks,SBUX,Consumer Cyclical,Restaurants,13299.5,1383.8
209,ConAgra Foods,CAG,Consumer Defensive,Packaged Foods,13263.1,467.9
210,Dominion Resources,D,Utilities,Utilities - Regulated Electric,13150,302
211,Parker-Hannifin,PH,Industrials,Specialty Industrial Machinery,13145.9,1151.8
212,Edison International,EIX,Utilities,Utilities - Regulated Electric,13104,-183
213,Smithfield Foods,SFD,Consumer Defensive,,13094.3,361.3
214,Genuine Parts,GPC,Consumer Cyclical,Specialty Retail,13013.9,648
215,J.C. Penney,,Consumer Cyclical,,12985,-985
216,Navistar International,NAV,Industrials,,12948,-3010
217,Dean Foods,DFODQ,Consumer Defensive,,12900.6,158.6
218,Texas Instruments,TXN,Technology,Semiconductors,12825,1759
219,Oneok,OKE,Energy,Oil & Gas Midstream,12660.2,360.6
220,Thermo Fisher Scientific,TMO,Healthcare,Diagnostics & Research,12657,1177.9
221,Ally Financial,ALLY,Financial Services,Credit Services,12643,1196
222,Western Digital,WDC,Technology,Computer Hardware,12478,1612
223,Chesapeake Energy,CHK,Energy,Oil & Gas E&P,12316,-769
224,PPL,PPL,Utilities,Utilities - Regulated Electric,12286,1526
225,Textron,TXT,Industrials,Aerospace & Defense,12237,589
226,Consolidated Edison,ED,Utilities,Utilities - Regulated Electric,12188,1138
227,Nordstrom,JWN,Consumer Cyclical,Department Stores,12148,735
228,Marsh & McLennan,MMC,Financial Services,Insurance Brokers,11924,1176
229,Ecolab,ECL,Basic Materials,Specialty Chemicals,11838.7,703.6
230,Marriott International,MAR,Consumer Cyclical,Lodging,11814,571
231,CSX,CSX,Industrials,Railroads,11756,1859
232,Whole Foods Market,WFM,Consumer Defensive,,11698.8,465.6
233,EOG Resources,EOG,Energy,Oil & Gas E&P,11682.6,570.3
234,H.J. Heinz,KHC,Consumer Defensive,Packaged Foods,11649.1,923.2
235,Lincoln National,LNC,Financial Services,Insurance - Life,11532,1313
236,Health Net,HNT,Healthcare,,11481.2,122.1
237,C.H. Robinson Worldwide,CHRW,Industrials,Integrated Freight & Logistics,11359.1,593.8
238,Guardian Life Ins. Co. of America,,Financial Services,,11293.9,265.8
239,SunTrust Banks,TFC,Financial Services,Banks - Regional,11240,1958
241,Praxair,PX,Technology,Asset Management,11229,525
241,Huntsman,HUN,Basic Materials,Chemicals,11224,1692
243,Peter Kiewit Sons',,Basic Materials,,11224,363
244,Las Vegas Sands,LVS,Industrials,Resorts & Casinos,11220,290
245,Stanley Black & Decker,SWK,Consumer Cyclical,Tools & Accessories,11131.1,1524.1
246,Mosaic,MOS,Industrials,Agricultural Inputs,11121.1,883.8
247,Norfolk Southern,NSC,Basic Materials,Railroads,11107.8,1930.2
248,URS,URS,Industrials,,11040,1749
249,Jacobs Engineering Group,J,Industrials,Engineering & Construction,10972.5,310.6
250,VF,VFC,Industrials,Apparel Manufacturing,10893.8,379
251,BB&T Corp.,,Consumer Cyclical,,10879.9,1086
252,Avon Products,AVP,Financial Services,,10737,1979
253,Office Depot,ODP,Consumer Defensive,Specialty Retail,10717.1,-42.5
254,First Data,FDC,Consumer Cyclical,,10695.7,-77.1
255,Automatic Data Processing,ADP,Financial Services,Staffing & Employment Services,10680.3,-700.9
256,Liberty Global,LBTYK,Industrials,Telecom Services,10665.2,1388.5
257,Unum Group,UNM,Communication Services,Insurance - Life,10604.5,322.8
258,L Brands,LB,Financial Services,,10515.4,894.4
259,CarMax,KMX,Consumer Cyclical,Auto & Truck Dealerships,10458.7,753
260,Visa,V,Consumer Cyclical,Credit Services,10453.8,413.8
261,Entergy,ETR,Financial Services,Utilities - Regulated Electric,10421,2144
262,Synnex,SNX,Utilities,Electronics & Computer Distribution,10302.1,846.7
263,Ameriprise Financial,AMP,Technology,Asset Management,10285.5,151.4
264,R.R. Donnelley & Sons,RRD,Financial Services,,10259,1029
265,Kinder Morgan,KMI,Industrials,Oil & Gas Midstream,10221.9,-651.4
266,Xcel Energy,XEL,Energy,Utilities - Regulated Electric,10200,315
267,CDW,CDW,Utilities,Information Technology Services,10128.2,905.2
268,State Street Corp.,STT,Technology,Asset Management,10128.2,119
269,Tenet Healthcare,THC,Financial Services,Medical Care Facilities,10125,2061
270,Liberty Interactive,,Healthcare,,10058,152
271,Genworth Financial,GNW,Communication Services,Insurance - Life,10054,1530
272,AGCO,AGCO,Financial Services,Farm & Heavy Construction Machinery,10023,323
273,Air Products & Chemicals,APD,Industrials,Specialty Chemicals,9962.2,522.1
274,Newmont Mining,NEM,Basic Materials,Gold,9869.7,1167.3
275,Reinsurance Group of America,RGA,Basic Materials,Insurance - Reinsurance,9868,1809
276,Public Service Enterprise Group,PEG,Financial Services,Utilities - Regulated Electric,9840.9,631.9
277,KKR,KKR,Utilities,Asset Management,9781,1275
278,Ross Stores,ROST,Financial Services,Apparel Retail,9739.6,560.8
279,Estée Lauder,EL,Consumer Cyclical,Household & Personal Products,9721.1,786.8
280,Gilead Sciences,GILD,Consumer Defensive,Drug Manufacturers - General,9713.6,856.9
281,Sempra Energy,SRE,Healthcare,Utilities - Diversified,9702.5,2591.6
282,Sherwin-Williams,SHW,Utilities,Specialty Chemicals,9647,859
283,Western Refining,WNR,Basic Materials,,9534.5,631
284,Devon Energy,DVN,Energy,Oil & Gas E&P,9503.1,398.9
285,Bed Bath & Beyond,BBBY,Energy,,9502,-206
286,BlackRock,BLK,Consumer Cyclical,Asset Management,9499.9,989.5
287,Family Dollar Stores,,Financial Services,,9337,2458
288,Hillshire Brands,HSH,Consumer Defensive,,9331,422.2
289,Leucadia National,LUK,Consumer Defensive,,9323,845
290,Principal Financial,PFG,Financial Services,Asset Management,9293.9,854.5
291,Rock-Tenn,RKT,Financial Services,Mortgage Finance,9215.1,805.9
292,MGM Resorts International,MGM,Basic Materials,Resorts & Casinos,9207.6,249.1
293,Hertz Global Holdings,HTZ,Consumer Cyclical,Rental & Leasing Services,9160.8,-1767.7
294,Discover Financial Services,DFS,Industrials,Credit Services,9020.8,243.1
295,W.W. Grainger,GWW,Financial Services,Industrial Distribution,8984,2345
296,Henry Schein,HSIC,Industrials,Medical Distribution,8950,689.9
297,Owens & Minor,OMI,Healthcare,Medical Distribution,8940,388.1
298,GameStop,GME,Healthcare,Specialty Retail,8908.1,109
299,DTE Energy,DTE,Consumer Cyclical,Utilities - Regulated Electric,8886.7,-269.7
300,Caesars Entertainment,CZR,Utilities,Resorts & Casinos,8846,610
301,Ball,BALL,Consumer Cyclical,Packaging & Containers,8798.7,-1497.5
302,Applied Materials,AMAT,Basic Materials,Semiconductor Equipment & Materials,8735.7,403.5
303,Centene,CNC,Technology,Healthcare Plans,8719,109
304,Motorola Solutions,MSI,Healthcare,Communication Equipment,8703.6,1.9
305,Stryker,SYK,Technology,Medical Devices,8698,881
306,AutoZone,AZO,Healthcare,Specialty Retail,8657,1298
307,Sonic Automotive,SAH,Consumer Cyclical,Auto & Truck Dealerships,8603.9,930.4
308,Dover,DOV,Consumer Cyclical,Specialty Industrial Machinery,8548.4,89.1
309,Assurant,AIZ,Industrials,Insurance - Specialty,8538.8,811.1
310,Cameron International,CAM,Financial Services,,8508.3,483.7
311,DaVita HealthCare Partners,DVA,Energy,Medical Care Facilities,8502.1,750.5
312,Crown Holdings,CCK,Healthcare,Packaging & Containers,8489.5,536
313,Reliance Steel & Aluminum,RS,Consumer Cyclical,Steel,8470,557
314,NRG Energy,NRG,Basic Materials,Utilities - Independent Power Producers,8442.3,403.5
315,Peabody Energy,BTU,Utilities,Thermal Coal,8422,559
316,Reynolds American,,Energy,,8306.6,-585.7
317,Autoliv,ALV,Consumer Cyclical,Auto Parts,8304,1272
318,Micron Technology,MU,Consumer Cyclical,Semiconductors,8266.7,483.1
319,Hormel Foods,HRL,Technology,Packaged Foods,8234,-1032
320,AECOM Technology,ACM,Consumer Defensive,Engineering & Construction,8230.7,500.1
321,Ashland,ASH,Industrials,Specialty Chemicals,8218.2,-58.6
322,Oshkosh,OSK,Basic Materials,Farm & Heavy Construction Machinery,8206,26
323,Republic Services,RSG,Industrials,Waste Management,8193.3,230.8
324,Eastman Chemical,EMN,Industrials,Specialty Chemicals,8118.3,571.8
325,Thrivent Financial for Lutherans,,Basic Materials,,8102,437
326,Corning,GLW,Financial Services,Electronic Components,8018.4,487.6
327,Broadcom,AVGO,Technology,Semiconductors,8012,1728
328,Darden Restaurants,DRI,Technology,Restaurants,8006,719
329,TravelCenters of America,TA,Consumer Cyclical,,7998.7,475.5
330,HD Supply,HDS,Consumer Cyclical,,7995.7,32.2
331,Spectrum Group International,SPGZ,Industrials,Specialty Retail,7994,-639
332,Becton Dickinson,BDX,Consumer Cyclical,Medical Instruments & Supplies,7974.8,4.1
333,Sealed Air,SEE,Healthcare,Packaging & Containers,7946.8,1169.9
334,KBR,KBR,Consumer Cyclical,Engineering & Construction,7921.6,-1410.3
335,Commercial Metals,CMC,Industrials,Steel,7921,144
336,Masco,MAS,Basic Materials,Building Products & Equipment,7859,207.5
337,Universal Health Services,UHS,Industrials,Medical Care Facilities,7816,-114
338,Campbell Soup,CPB,Healthcare,Packaged Foods,7783.3,443.4
339,Coca-Cola Enterprises,KO,Consumer Defensive,Beverages - Non-Alcoholic,7707,774
340,Charter Communications,CHTR,Consumer Defensive,Telecom Services,7562,677
341,Quest Diagnostics,DGX,Communication Services,Diagnostics & Research,7504,-304
342,Williams,WMB,Healthcare,Oil & Gas Midstream,7499.5,555.7
343,Group 1 Automotive,GPI,Energy,Auto & Truck Dealerships,7486,859
344,CenterPoint Energy,CNP,Consumer Cyclical,Utilities - Regulated Electric,7476.1,100.2
345,WellCare Health Plans,,Utilities,,7452,417
346,Dollar Tree,DLTR,Healthcare,Discount Stores,7409,184.7
347,Pantry,PTRY,Consumer Defensive,,7394.5,619.3
348,MasterCard,MA,Consumer Defensive,Credit Services,7393.6,-2.5
349,Tenneco,,Financial Services,,7391,2759
350,Avis Budget Group,CAR,Consumer Cyclical,Rental & Leasing Services,7363,275
351,Terex,TEX,Industrials,Farm & Heavy Construction Machinery,7357,290
352,Cognizant Technology Solutions,CTSH,Industrials,Information Technology Services,7348.4,105.8
353,Fidelity National Financial,FNF,Technology,Insurance - Specialty,7346.5,1051.3
354,Steel Dynamics,STLD,Financial Services,Steel,7326.1,606.5
355,Precision Castparts,PCP,Basic Materials,,7290.2,163.6
356,Dana Holding,DAN,Industrials,Auto Parts,7278.3,1224.1
357,Boston Scientific,BSX,Consumer Cyclical,Medical Devices,7258,300
358,BorgWarner,BWA,Healthcare,Auto Parts,7249,-4068
359,Visteon,VC,Consumer Cyclical,Auto Parts,7183.2,500.9
360,Barnes & Noble,BNED,Consumer Cyclical,Specialty Retail,7154,100
361,Fifth Third Bancorp,FITB,Consumer Cyclical,Banks - Regional,7129.2,-68.9
362,Franklin Resources,BEN,Financial Services,Asset Management,7106,1576
363,Weyerhaeuser,WY,Financial Services,REIT - Specialty,7101,1931.4
364,Owens-Illinois,OI,Real Estate,Packaging & Containers,7059,385
365,Alpha Natural Resources,ALHAP,Consumer Cyclical,,7000,184
366,Interpublic Group,IPG,Energy,Advertising Agencies,6974.9,-2437.1
367,OfficeMax,,Communication Services,,6956.2,446.7
368,Core-Mark Holding,,Consumer Cyclical,,6920.4,416.8
369,Pacific Life,,Consumer Defensive,,6905.4,33.9
370,Ralph Lauren,RL,Financial Services,Apparel Manufacturing,6874,460
371,Agilent Technologies,A,Consumer Cyclical,Diagnostics & Research,6859.5,681
372,Dole Food,DOLE,Healthcare,Farm Products,6858,1153
373,Ameren,AEE,Consumer Defensive,Utilities - Regulated Electric,6832.3,-144.5
374,Mylan,MYL,Utilities,,6828,-974
375,Avery Dennison,AVY,Healthcare,Packaging & Containers,6796.1,640.9
376,Health Management Associates,HMA,Consumer Cyclical,,6761.6,215.4
377,PetSmart,PETM,Healthcare,,6760.9,164.3
378,Dillard's,DDS,Consumer Cyclical,Department Stores,6758.2,389.5
379,Symantec,SYMC,Consumer Cyclical,,6751.6,336
380,Huntington Ingalls Industries,HII,Technology,Aerospace & Defense,6730,1172
381,Enbridge Energy Partners,ENB,Industrials,,6708,146
382,Cablevision Systems,CVC,Energy,,6706.1,493.1
383,Jarden,JAH,Communication Services,,6705.5,233.5
384,Hershey,HSY,Consumer Cyclical,Confectioners,6696.1,243.9
385,Wesco International,WCC,Consumer Defensive,Industrial Distribution,6644.3,660.9
386,Ingredion,INGR,Industrials,Packaged Foods,6579.3,201.8
387,CBRE Group,CBRE,Consumer Defensive,Real Estate Services,6532.1,427.5
388,UGI,UGI,Real Estate,Utilities - Regulated Gas,6519.8,315.6
389,NuStar Energy,NS,Utilities,Oil & Gas Midstream,6519.2,199.4
390,McGraw-Hill,,Energy,,6516.8,-226.6
391,Vanguard Health Systems,VHS,Communication Services,,6512,437
392,Casey's General Stores,CASY,Healthcare,Specialty Retail,6488.4,57.3
393,American Family Insurance Group,,Consumer Cyclical,,6460.8,116.8
394,Mutual of Omaha Insurance,,Financial Services,,6456.8,360.5
395,Mattel,MAT,Financial Services,Leisure,6437,283.8
396,Celanese,CE,Consumer Cyclical,Chemicals,6420.9,776.5
397,Quanta Services,PWR,Basic Materials,Engineering & Construction,6418,605
398,Level 3 Communications,LVLT,Industrials,,6413.5,306.6
399,Emcor Group,EME,Communication Services,Engineering & Construction,6376,-422
400,Starwood Hotels & Resorts,HOT,Industrials,,6346.7,146.6
401,Regions Financial,RF,Real Estate,Banks - Regional,6321,562
402,Northeast Utilities,NU,Financial Services,Banks - Regional,6275,1120
403,Rockwell Automation,ROK,Utilities,Specialty Industrial Machinery,6273.8,525.9
404,Ryder System,R,Industrials,Rental & Leasing Services,6259.4,737
405,Anixter International,AXE,Industrials,,6257,210
406,CMS Energy,CMS,Industrials,Utilities - Regulated Electric,6253.1,124.8
407,CC Media Holdings,,Utilities,,6253,382
408,NetApp,NTAP,Communication Services,Computer Hardware,6246.9,-424.5
409,Advance Auto Parts,AAP,Technology,Specialty Retail,6233.2,605.4
410,Kindred Healthcare,KND,Consumer Cyclical,,6205,387.7
411,Seaboard,SEB,Healthcare,Conglomerates,6190.7,-40.4
412,O'Reilly Automotive,ORLY,Industrials,Specialty Retail,6189.1,282.3
413,Foot Locker,FL,Consumer Cyclical,Apparel Retail,6182.2,585.7
414,Windstream,,Consumer Cyclical,,6182,397
415,CH2M Hill,,Communication Services,,6169.2,168
416,Omnicare,OCR,Industrials,,6160.6,93
417,FMC Technologies,,Healthcare,,6160.4,194.9
418,SLM,SLM,Energy,Credit Services,6151.4,430
419,CF Industries Holdings,CF,Financial Services,Agricultural Inputs,6110,939
420,Sanmina,SANM,Basic Materials,Electronic Components,6104,1848.7
421,NII Holdings,NIHD,Technology,,6093.3,180.2
422,PVH,PVH,Communication Services,Apparel Manufacturing,6086.5,-765.2
423,Molina Healthcare,MOH,Consumer Cyclical,Healthcare Plans,6043,433.8
424,Cliffs Natural Resources,CLF,Healthcare,Steel,6028.8,9.8
425,General Cable,BGC,Basic Materials,Capital Markets,6024.3,-899.4
426,Shaw Group,SHAW,Industrials,,6014.3,4
427,Dr Pepper Snapple Group,,Industrials,,6008.4,198.9
428,Expeditors International of Washington,EXPD,Consumer Defensive,Integrated Freight & Logistics,5995,629
429,Harris,LHX,Industrials,Aerospace & Defense,5980.9,333.4
430,AK Steel Holding,,Energy,,5964,30.6
431,SPX,,Basic Materials,,5933.7,-1027.3
432,Actavis,ACT,Industrials,Insurance - Specialty,5925.2,259.2
433,Newell Rubbermaid,,Healthcare,,5914.9,97.3
434,Fidelity National Information Services,FIS,Consumer Defensive,Information Technology Services,5902.7,401.3
435,Targa Resources,TRGP,Technology,Oil & Gas Midstream,5888.1,461.2
436,Booz Allen Hamilton Holding,BAH,Energy,Consulting Services,5885.7,38.1
437,Dick's Sporting Goods,DKS,Industrials,Specialty Retail,5859.2,240
438,W.R. Berkley,WRB,Consumer Cyclical,Insurance - Property & Casualty,5836.1,290.7
439,Live Nation Entertainment,LYV,Financial Services,Entertainment,5823.6,510.6
440,Allergan,AGN,Communication Services,,5819,-163.2
441,NCR,NCR,Healthcare,,5806.1,1098.8
442,Mohawk Industries,MHK,Technology,"Furnishings, Fixtures & Appliances",5792,146
443,Auto-Owners Insurance,,Consumer Cyclical,,5788,250.3
444,Laboratory Corp. of America,LH,Financial Services,Diagnostics & Research,5747.7,435.6
445,Western Union,WU,Healthcare,Credit Services,5671.4,583.1
446,Joy Global,JOY,Financial Services,,5664.8,1025.9
447,Energy Future Holdings,TXU,Industrials,,5660.9,762
448,MeadWestvaco,MWV,Energy,,5636,-3360
449,Harley-Davidson,HOG,Basic Materials,Recreational Vehicles,5594,205
450,Con-way,CNW,Consumer Cyclical,,5580.5,623.9
451,MRC Global,MRC,Industrials,Oil & Gas Equipment & Services,5580.2,104.5
452,J.M. Smucker,SJM,Energy,Packaged Foods,5570.9,118
453,Exelis,,Consumer Defensive,,5525.8,459.7
454,Biogen Idec,BIIB,Healthcare,Drug Manufacturers - General,5522,330
455,Erie Insurance Group,,Healthcare,,5516.5,1380
456,Celgene,BMY,Financial Services,Drug Manufacturers - General,5512,160
457,St. Jude Medical,,Healthcare,,5506.7,1456.2
458,Domtar,UFS,Healthcare,,5503,752
459,Calpine,,Basic Materials,,5482,172
460,Susser Holdings,SUSS,Utilities,,5478,199
461,Clorox,CLX,Consumer Defensive,Household & Personal Products,5469.6,46.7
462,Kelly Services,KELYA,Consumer Defensive,Staffing & Employment Services,5468,541
463,Consol Energy,CEIX,Industrials,Thermal Coal,5450.5,50.1
464,Advanced Micro Devices,AMD,Energy,Semiconductors,5430.3,388.5
465,Graybar Electric,,Technology,,5422,-1183
466,Big Lots,BIG,Basic Materials,Discount Stores,5413.3,86.3
467,Gannett,GCI,Consumer Defensive,Publishing,5400.1,177.1
468,Telephone & Data Systems,TDS,Communication Services,Telecom Services,5353.2,424.3
469,Host Hotels & Resorts,HST,Communication Services,REIT - Hotel & Motel,5345.3,81.9
470,Insight Enterprises,NSIT,Real Estate,Electronics & Computer Distribution,5323,61
471,Western & Southern Financial Group,,Technology,,5301.4,92.8
472,Andersons,ANDE,Financial Services,Food Distribution,5293.7,137.7
473,Priceline.com,PCLN,Consumer Defensive,,5272,79.5
474,United Natural Foods,UNFI,Consumer Cyclical,Food Distribution,5261,1419.6
475,Spectra Energy,SE,Consumer Defensive,Internet Retail,5236,91.3
476,Owens Corning,OC,Energy,Building Products & Equipment,5174,940
477,Avaya,AVYA,Industrials,,5172,-19
478,Wynn Resorts,WYNN,Technology,Resorts & Casinos,5171,-344
479,Bemis,BMS,Consumer Cyclical,,5154.3,502
480,NiSource,NI,Basic Materials,Utilities - Regulated Gas,5139.2,173.8
481,MetroPCS Communications,PCS,Utilities,,5102.7,416.1
482,Facebook,FB,Communication Services,,5101.3,394.2
483,Pepco Holdings,POM,Communication Services,,5089,53
484,United Stationers,,Consumer Defensive,,5081,285
485,American Financial Group,AFG,Industrials,Insurance - Property & Casualty,5080.1,111.8
486,J.B. Hunt Transport Services,JBHT,Financial Services,Integrated Freight & Logistics,5062,488
487,SanDisk,SNDK,Industrials,,5055,310.4
488,Charles Schwab,SCHW,Technology,Capital Markets,5052.5,417.4
489,Pitney Bowes,PBI,Financial Services,Integrated Freight & Logistics,5049,928
490,Allegheny Technologies,ATI,Industrials,Metal Fabrication,5039.2,445.2
491,Jones Financial,,Industrials,,5031.5,158.4
492,Frontier Communications,FYBR,Financial Services,Telecom Services,5027.4,555
493,Timken,TKR,Communication Services,Tools & Accessories,5011.9,136.6
494,Yahoo,,Industrials,,4987,495.5
495,JetBlue Airways,JBLU,Communication Services,Airlines,4986.6,3945.5
496,Old Republic International,ORI,Industrials,Insurance - Diversified,4982,128
497,Simon Property Group,SPG,Financial Services,REIT - Retail,4970.1,-68.6
498,YRC Worldwide,YELLQ,Real Estate,Trucking,4880.1,1434.5
499,CA,CA,Industrials,,4850.5,-140.4
500,Nash-Finch,NAFC,Technology,,4829,951
,,,Consumer Defensive,,4820.8,-93.9